-- phpMyAdmin SQL Dump
-- version 5.2.1
-- https://www.phpmyadmin.net/
--
-- Host: 127.0.0.1
-- Generation Time: Jun 24, 2024 at 02:24 PM
-- Server version: 10.4.32-MariaDB
-- PHP Version: 8.2.12

SET SQL_MODE = "NO_AUTO_VALUE_ON_ZERO";
START TRANSACTION;
SET time_zone = "+00:00";


/*!40101 SET @OLD_CHARACTER_SET_CLIENT=@@CHARACTER_SET_CLIENT */;
/*!40101 SET @OLD_CHARACTER_SET_RESULTS=@@CHARACTER_SET_RESULTS */;
/*!40101 SET @OLD_COLLATION_CONNECTION=@@COLLATION_CONNECTION */;
/*!40101 SET NAMES utf8mb4 */;

--
-- Database: `bd_trovata`
--

-- --------------------------------------------------------

--
-- Table structure for table `cidade`
--

CREATE TABLE `cidade` (
  `EMPRESA` int(11) NOT NULL,
  `CIDADE` int(11) NOT NULL,
  `DESCRICAO_CIDADE` varchar(50) DEFAULT NULL,
  `PAIS` varchar(30) DEFAULT NULL,
  `UF` varchar(2) DEFAULT NULL,
  `CEP_BASICO` varchar(10) DEFAULT NULL,
  `DDD` varchar(7) DEFAULT NULL
) ENGINE=InnoDB DEFAULT CHARSET=utf8mb4 COLLATE=utf8mb4_general_ci;

--
-- Dumping data for table `cidade`
--

INSERT INTO `cidade` (`EMPRESA`, `CIDADE`, `DESCRICAO_CIDADE`, `PAIS`, `UF`, `CEP_BASICO`, `DDD`) VALUES
(1, 1, 'BIRIGUI', 'BRASIL', 'SP', '16200-100', '18'),
(1, 20, 'SAO PAULO', 'BRASIL', 'SP', '16500-100', '11'),
(1, 45, 'SUMARE', 'BRASIL', 'SP', '16600-100', '19'),
(1, 52, 'BAURU', 'BRASIL', 'SP', '12700-100', '14'),
(2, 1, 'BIRIGUI', 'BRASIL', 'SP', '16200-100', '18'),
(2, 20, 'SAO PAULO', 'BRASIL', 'SP', '16500-100', '11'),
(2, 45, 'SUMARE', 'BRASIL', 'SP', '16600-100', '19'),
(2, 52, 'BAURU', 'BRASIL', 'SP', '12700-100', '14');

-- --------------------------------------------------------

--
-- Table structure for table `empresa`
--

CREATE TABLE `empresa` (
  `EMPRESA` int(11) NOT NULL,
  `NOME_FANTASIA` varchar(30) DEFAULT NULL,
  `RAZAO_SOCIAL` varchar(50) DEFAULT NULL,
  `ENDERECO` varchar(50) DEFAULT NULL,
  `BAIRRO` varchar(30) DEFAULT NULL,
  `CEP` varchar(10) DEFAULT NULL,
  `CIDADE` int(11) DEFAULT NULL,
  `TELEFONE` varchar(15) DEFAULT NULL,
  `FAX` varchar(15) DEFAULT NULL,
  `CNPJ` varchar(18) DEFAULT NULL,
  `IE` varchar(18) DEFAULT NULL
) ENGINE=InnoDB DEFAULT CHARSET=utf8mb4 COLLATE=utf8mb4_general_ci;

--
-- Dumping data for table `empresa`
--

INSERT INTO `empresa` (`EMPRESA`, `NOME_FANTASIA`, `RAZAO_SOCIAL`, `ENDERECO`, `BAIRRO`, `CEP`, `CIDADE`, `TELEFONE`, `FAX`, `CNPJ`, `IE`) VALUES
(1, 'ROMA VENDAS ONLINE', 'ROMA VENDAS LTDA', 'RUA NELSON CALIXTO 142', 'PARQUE SAO VICENTE', '16200-320', 1, '(18)3644-7333', NULL, '88.060.431/0001-94', 'ISENTO'),
(2, 'MILANO VENDAS OFFLINE', 'MILANO VENDAS OFFLINE LTDA', 'RUA BELMONTE, 334', 'VILA MARIANA', '16334-532', 45, '(19)3523-5232', NULL, '26.523.811/0001-60', 'ISENTO');

-- --------------------------------------------------------

--
-- Table structure for table `grupo_produto`
--

CREATE TABLE `grupo_produto` (
  `EMPRESA` int(11) NOT NULL,
  `GRUPO_PRODUTO` int(11) NOT NULL,
  `DESCRICAO_GRUPO_PRODUTO` varchar(50) DEFAULT NULL,
  `PERC_DESCONTO` decimal(5,2) DEFAULT NULL,
  `TIPO_COMPLEMENTO` varchar(3) DEFAULT NULL
) ENGINE=InnoDB DEFAULT CHARSET=utf8mb4 COLLATE=utf8mb4_general_ci;

--
-- Dumping data for table `grupo_produto`
--

INSERT INTO `grupo_produto` (`EMPRESA`, `GRUPO_PRODUTO`, `DESCRICAO_GRUPO_PRODUTO`, `PERC_DESCONTO`, `TIPO_COMPLEMENTO`) VALUES
(1, 2, 'TECIDO', NULL, '1'),
(1, 3, 'EMBALAGENS', NULL, '4'),
(1, 4, 'FIBRA', NULL, '3'),
(1, 51, 'FRONHA', NULL, '1'),
(1, 355, 'ALMOFADA', NULL, '3'),
(1, 359, 'DECORACAO', NULL, '4'),
(1, 361, 'ELETRONICOS', NULL, '4'),
(1, 363, 'PESSOAL', NULL, '4'),
(1, 383, 'JOGOS', NULL, '3'),
(1, 389, 'TRAVESSEIROS', NULL, '2'),
(1, 404, 'CANECAS PERSONALIZADAS', NULL, '2'),
(1, 40130849, 'CARTAO CD', NULL, '12'),
(1, 90294395, 'VESTE CRIATIVA', NULL, '2'),
(1, 90294397, 'ESCRITORIO', NULL, '1'),
(1, 110359819, 'MASTER COMFORT', NULL, '3'),
(1, 120392521, 'PRODUTOS DE 2a QUALIDADE', NULL, '4'),
(1, 150490651, 'KIT VIAGEM', NULL, '3'),
(1, 150490653, 'KIT', NULL, '1'),
(1, 150490655, 'COLCHA', NULL, '4'),
(1, 150490657, 'JG DE CAMA SOLTEIRO', NULL, '2'),
(1, 150490661, 'DOCES', NULL, '3'),
(1, 511190670, 'KIT PRESENTE', NULL, '4'),
(1, 511190672, 'CORTE MESA', NULL, '2'),
(1, 511190690, 'REFIL', NULL, '1'),
(2, 357, 'CASA', NULL, '3'),
(2, 40130843, 'ACESSORIOS PARA CELULAR', NULL, '12'),
(2, 40130859, 'MP DIVERSAS', NULL, '2');

-- --------------------------------------------------------

--
-- Table structure for table `produto`
--

CREATE TABLE `produto` (
  `EMPRESA` int(11) NOT NULL,
  `PRODUTO` int(11) NOT NULL,
  `DESCRICAO_PRODUTO` varchar(250) DEFAULT NULL,
  `APELIDO_PRODUTO` varchar(100) DEFAULT NULL,
  `GRUPO_PRODUTO` int(11) DEFAULT NULL,
  `SUBGRUPO_PRODUTO` int(11) DEFAULT NULL,
  `SITUACAO` varchar(1) DEFAULT NULL,
  `PESO_LIQUIDO` decimal(11,3) DEFAULT NULL,
  `CLASSIFICACAO_FISCAL` varchar(10) DEFAULT NULL,
  `CODIGO_BARRAS` varchar(50) DEFAULT NULL,
  `COLECAO` varchar(100) DEFAULT NULL
) ENGINE=InnoDB DEFAULT CHARSET=utf8mb4 COLLATE=utf8mb4_general_ci;

--
-- Dumping data for table `produto`
--

INSERT INTO `produto` (`EMPRESA`, `PRODUTO`, `DESCRICAO_PRODUTO`, `APELIDO_PRODUTO`, `GRUPO_PRODUTO`, `SUBGRUPO_PRODUTO`, `SITUACAO`, `PESO_LIQUIDO`, `CLASSIFICACAO_FISCAL`, `CODIGO_BARRAS`, `COLECAO`) VALUES
(1, 4, 'ALMOFADA VISCO PESCOCO 28X30CM ROSA CX:', '10060305', 355, 0, 'A', 0.224, '4', NULL, '1'),
(1, 27, 'KIT PRESENTE NATAL No1 TRENO CX:', '10110012', 511190670, 0, 'A', 3.170, '27', NULL, '1'),
(1, 29, 'REFIL SILICONIZADO 45X45CM PLUS CX:20', '00001', 110359819, 0, 'A', 0.247, '29', NULL, '1'),
(1, 32, 'KIT PRESENTE NATAL No2 RENA CX:', '10110013', 511190670, 0, 'A', 4.532, '32', NULL, '1'),
(1, 33, 'CORTINA INF MINNIE DOTS 300X150CM', 'G7654421A', 110359819, 0, 'A', NULL, '33', NULL, '1'),
(1, 35, 'KIT PRESENTE NATAL No3 SANTA KLAUS CX:', '10110014', 511190670, 0, 'A', 5.394, '35', NULL, '1'),
(1, 38, 'ALMOFADA SARJA 45X45CM CINZA CX:20', '03996', 355, 0, 'A', 0.250, '38', NULL, '1'),
(1, 40, 'ALMOFADA SARJA 45X45CM MARFIM CX:20', '03997', 355, 0, 'A', 0.250, '40', NULL, '1'),
(1, 41, 'CARTAO PRESENTE BOX CHINA 12CM X 17CM', '10110017', 511190670, 0, 'A', 0.150, '41', NULL, '1'),
(1, 42, 'ALMOFADA SARJA 45X45CM ROSA P CX:20', '03998', 355, 0, 'A', 0.250, '42', NULL, '1'),
(1, 54, 'TESTE COD EMPRESA 6 ', '5674', 50729, 0, '2', 0.000, '6542', '1182202512230', '1'),
(1, 63, 'CAIXA CARTONADA COM VISOR RETANGULAR 27X19X11CM', '02553', 363, 0, 'A', NULL, '63', NULL, '1'),
(1, 65, 'REFIL SILICONIZADO 50X50CM CX:20', '00011', 110359819, 0, 'A', 0.370, '65', NULL, '1'),
(1, 80, 'REFIL SILICONIZADO 50X30CM CX:25', '00015', 110359819, 0, 'A', NULL, '80', NULL, '1'),
(1, 91, 'ALMOFADA SANTORINE MOSTARDA 45X45CM CX:20', '25151', 355, 0, 'A', 0.300, '91', NULL, '1'),
(1, 92, 'ALMOFADA SANTORINE BEGE 45X45CM CX:20', '25155', 355, 0, 'A', 0.300, '92', NULL, '1'),
(1, 95, 'ENCHIMENTO DE ALMOFADA MASTER 45X45CM CX:30', '0025176', 110359819, 0, 'A', NULL, '95', NULL, '1'),
(1, 96, 'MAO DE OBRA (ABERTURA DE FIBRA) CX:', '00021', 40130859, 0, 'A', NULL, '96', NULL, '1'),
(1, 104, 'REFIL SILICONIZADO 60X60CM CX:15', '00022', 110359819, 0, 'A', 0.500, '104', NULL, '1'),
(1, 109, 'ALMOFADA SANTORINE CRU 45X45CM CX:', '25182', 40130859, 0, 'A', NULL, '109', NULL, '1'),
(1, 130, 'FIBRA 100%PES FLEX ( 10KG ) CX:', '00162', 4, 0, 'A', NULL, '130', NULL, '1'),
(1, 143, 'TRAV. FIBRA PERCAL PVC 70X50CM BELLO SONHO CX:10', '00167', 110359819, 0, 'A', 0.620, '143', NULL, '1'),
(1, 145, 'TRAV. FIBRA MALHA PVC 70X50CM BELLO SONHO CX:10', '00169', 110359819, 0, 'A', 0.620, '145', NULL, '1'),
(1, 148, 'KIT PRESENTE AMOR No 1 - G CX:', '10110000', 511190670, 0, 'A', 1.340, '148', NULL, '1'),
(1, 170, 'ALMOFADA SANTORINE VERMELHO 45X45CM CX:20', '25152', 355, 0, 'A', 0.300, '170', NULL, '1'),
(1, 175, 'REFIL FIBRA 70X50CM CX:', '00177', 355, 0, 'A', NULL, '175', NULL, '1'),
(1, 189, 'KIT PRESENTE AMOR No 2 - G CX:', '10110001', 511190670, 0, 'A', 1.150, '189', NULL, '1'),
(1, 205, 'KIT PRESENTE AMOR No 3 - G CX:', '10110002', 511190670, 0, 'A', 1.374, '205', NULL, '1'),
(1, 206, 'TRAV. PERCAL 200FIOS ETNA 70X50CM PVC CX:10', '0002399', 110359819, 0, 'A', NULL, '206', NULL, '1'),
(1, 207, 'TRAV. MALHA ETNA 50X70CM PP BELLO SONHO CX:10', '0002398', 110359819, 0, 'A', NULL, '207', NULL, '1'),
(1, 215, 'TRAV. C/FRONHA PERCAL ETNA 45X95CM CX:', '0002400', 110359819, 0, 'A', NULL, '215', NULL, '1'),
(1, 216, 'TRAV. PELETIZADO ETNA PVC 50X70CM CX:10', '0002401', 110359819, 0, 'A', NULL, '216', NULL, '1'),
(1, 233, 'TRAV. FIBRA PP 70X50CM BEM ME QUER PLUS CX:10', '00199', 110359819, 0, 'A', 0.550, '233', NULL, '1'),
(1, 243, 'TRAV. FIBRA PELETIZADO PVC 50X70CM CX:10', '00205', 110359819, 0, 'A', 0.620, '243', NULL, '1'),
(1, 265, 'ALMOFADA SANTORINE TELHA 45X45CM CX:', '25333', 40130859, 0, 'A', NULL, '265', NULL, '1'),
(1, 266, 'ALMOFADA SANTORINE PRETO 45X45CM CX:20', '25332', 355, 0, 'A', 0.300, '266', NULL, '1'),
(1, 278, 'ALMOFADA SANTORINE VERDE CLARO 45X45CM CX:', '25330', 40130859, 0, 'A', NULL, '278', NULL, '1'),
(1, 290, 'TRAV. BEM ME QUER PLUS ETNA 70X50CM CX:10', '0002406', 110359819, 0, 'A', NULL, '290', NULL, '1'),
(1, 292, 'TRAV. FIBRA PP 70X50CM BEM ME QUER TNT CX:10', '00231', 110359819, 0, 'A', 0.480, '292', NULL, '1'),
(1, 312, 'TRAV. VISCO MALHA PLUSH 63X42CM ALT 16 CX:10', '00232', 110359819, 0, 'A', 0.920, '312', NULL, '1'),
(1, 339, 'KIT PRESENTE AMIGAS No 1- G CX:', '10110003', 511190670, 0, 'A', 0.978, '339', NULL, '1'),
(1, 366, 'TRAV. VISCO CANELADO 50X70CM ALT 13 CX:10', '00246', 110359819, 0, 'A', 0.860, '366', NULL, '1'),
(1, 367, 'ROLINHO ETNA SORTIDO 80CM CX:20', '0003907', 355, 0, 'A', NULL, '367', NULL, '1'),
(1, 388, 'KIT PRESENTE AMIGA No 2- G CX:', '10110004', 511190670, 0, 'A', 1.034, '388', NULL, '1'),
(1, 398, 'KIT PRESENTE AMIGAS No 1 - M CX:', '10110005', 511190670, 0, 'A', 1.038, '398', NULL, '1'),
(1, 399, 'KIT PRESENTE AMIGA No 2 - P CX:', '10110011', 511190670, 0, 'A', 0.400, '399', NULL, '1'),
(1, 400, 'KIT PRESENTE AMOR No 2 - M CX:', '10110006', 511190670, 0, 'A', 0.683, '400', NULL, '1'),
(1, 411, 'KIT PRESENTE AMOR No 1 - M CX:', '10110007', 511190670, 0, 'A', 0.613, '411', NULL, '1'),
(1, 412, 'FRONHA TROY PERCAL 200 FIOS 50X90CM ETNA CX:', '0002324', 110359819, 0, 'A', NULL, '412', NULL, '1'),
(1, 429, 'DISPLAY CD CLASSICO 55 PCS CX:10', '03415', 40130849, 0, 'A', NULL, '429', NULL, '1'),
(1, 430, 'KIT PRESENTE AMOR No 1 - P CX:', '10110008', 511190670, 0, 'A', 0.470, '430', NULL, '1'),
(1, 431, 'PRODUTO NAO CADASTRADO CX:', 'ZZZZZZ', 40130859, 0, 'A', NULL, '431', NULL, '1'),
(1, 433, 'KIT PRESENTE AMOR No 2 - P CX:', '10110009', 511190670, 0, 'A', 0.462, '433', NULL, '1'),
(1, 435, 'KIT PRESENTE AMIGA No 1 - P CX:', '10110010', 511190670, 0, 'A', 0.498, '435', NULL, '1'),
(1, 437, 'CAPA P/ ALMOFADA 45X45CM 601 CHOCOLATE CX:', '10060152', 359, 0, 'A', NULL, '437', NULL, '1'),
(1, 439, 'CAPA P/ ALMOFADA 45X45CM 601 IVORY CX:', '10060153', 359, 0, 'A', NULL, '439', NULL, '1'),
(1, 441, 'CAPA P/ ALMOFADA 45X45CM 601 L.BRN CX:', '10060154', 359, 0, 'A', NULL, '441', NULL, '1'),
(1, 443, 'CAPA P/ ALMOFADA 45X45CM 601 GREY CX:', '10060155', 359, 0, 'A', NULL, '443', NULL, '1'),
(1, 444, 'TRAV. VISCO CANELADO ANATOMICO 63X42CM CX:10', '00273', 110359819, 0, 'A', 0.750, '444', NULL, '1'),
(1, 445, 'CAPA P/ ALMOFADA 45X45CM 601 BLACK CX:', '10060156', 359, 0, 'A', NULL, '445', NULL, '1'),
(1, 447, 'CAPA P/ ALMOFADA 45X45CM 601 BEIGE CX:', '10060157', 359, 0, 'A', NULL, '447', NULL, '1'),
(1, 449, 'CAPA P/ ALMOFADA 45X45CM 603/GREY CX:', '10060158', 359, 0, 'A', NULL, '449', NULL, '1'),
(1, 450, 'CAPA P/ ALMOFADA 45X45CM BRUSH ROSE/BLUE CX:', '10060172', 359, 0, 'A', NULL, '450', NULL, '1'),
(1, 451, 'CAPA P/ ALMOFADA 45X45CM 603 BEIGE CX:', '10060159', 359, 0, 'A', NULL, '451', NULL, '1'),
(1, 453, 'CAPA P/ ALMOFADA 45X45CM 603 L.BRN CX:', '10060160', 359, 0, 'A', NULL, '453', NULL, '1'),
(1, 455, 'CAPA P/ ALMOFADA 45X45CM 603 L.BRN CX:', '10060161', 359, 0, 'A', NULL, '455', NULL, '1'),
(1, 457, 'CAPA P/ ALMOFADA 45X45CM 603 GREY CX:', '10060162', 359, 0, 'A', NULL, '457', NULL, '1'),
(1, 459, 'CAPA P/ ALMOFADA 45X45CM 10365 CX:', '10060163', 909, 0, 'A', NULL, '459', NULL, '1'),
(1, 461, 'CAPA P/ ALMOFADA 45X45CM 11838 CX:', '10060164', 401, 0, 'A', NULL, '461', NULL, '1'),
(1, 463, 'CAPA P/ ALMOFADA 45X45CM 11917B CX:', '10060165', 404, 0, 'A', NULL, '463', NULL, '1'),
(2, 6, 'BANDEJA PARA CARIMBOS 50X40CM CARIMBOS CX:8', '10020025', 357, 0, 'A', 0.710, '6', NULL, '1'),
(2, 8, 'BANDEJA PARA CARIMBOS 50X40CM HQ CX:8', '10020026', 357, 0, 'A', 0.710, '8', NULL, '1'),
(2, 25, 'KIT 2 XICARAS C/ PIRES 160ML', '10020027', 357, 0, 'A', 1.337, '25', NULL, '1'),
(2, 44, 'KIT 2 XICARAS C/PIRES 160ML BONE ', '10020028', 357, 0, 'A', 1.337, '44', NULL, '1'),
(2, 47, 'KIT 2 XICARAS C/ PIRES 160ML BONE', '10020029', 357, 0, 'A', 1.337, '47', NULL, '1'),
(2, 49, 'CANECAO BONE CHINA 400ML ME DERRETO POR VOCES CX:0', '10020030', 357, 0, 'A', 0.335, '49', NULL, '1'),
(2, 51, 'CANECAO BONE CHINA 400ML GOSTO DO SEU BEIJO CX:0', '10020031', 357, 0, 'A', 0.335, '51', NULL, '1'),
(2, 53, 'CANECAO BONE CHINA 400ML AMIGA COMO VOCES CX:0', '10020032', 357, 0, 'A', 0.335, '53', NULL, '1'),
(2, 55, 'CANECAO BONE CHINA 400ML AMIZADE NA MODA CX:12', '10020033', 357, 0, 'A', 0.335, '55', NULL, '1'),
(2, 57, 'CANECAO BONE CHINA 400ML AMIGAS CHICLETE CX:0', '10020034', 357, 0, 'A', 0.335, '57', NULL, '1'),
(2, 61, 'CANECAO BONE CHINA 400ML A VIDA DEVE SER CX:0', '10020035', 357, 0, 'A', 0.335, '61', NULL, '1'),
(2, 66, 'CANECAO BONE CHINA 400ML MEU PAI REI CX:0', '10020036', 357, 0, 'A', 0.335, '66', NULL, '1'),
(2, 70, 'CANECA DE SOPA EM BONE O AMOR ESTA NO AR CX:', '10020037', 357, 0, 'A', 0.429, '70', NULL, '1'),
(2, 72, 'CANECA DE SOPA EM BONE AMIGA NAO FAZ FOFOCA CX:', '10020038', 357, 0, 'A', 0.429, '72', NULL, '1'),
(2, 74, 'CANECA DE SOPA EM BONE ARDE COMO PIMENTA CX:', '10020039', 357, 0, 'A', 0.429, '74', NULL, '1'),
(2, 76, 'CANECA SOCO INGLES EM BONE POW COLORIDA CX:', '10020040', 357, 0, 'A', 0.384, '76', NULL, '1'),
(2, 84, 'CANECA BONE 320ML O AMOR ESTA NO AR CX:36', '10020043', 357, 0, 'A', 0.420, '84', NULL, '1'),
(2, 90, 'CANECA BONE 320ML ETERNO AMOR CX:36', '10020044', 357, 0, 'A', 0.420, '90', NULL, '1'),
(2, 101, 'CANECA BONE 320ML GOSTO DO SEU BEIJO CX:36', '10020045', 357, 0, 'A', 0.420, '101', NULL, '1'),
(2, 106, 'CANECA BONE 320ML ME DERRETO POR VOCES CX:36', '10020046', 357, 0, 'A', 0.420, '106', NULL, '1'),
(2, 115, 'CANECA BONE 320ML PENSA EM MIM CX:36', '10020047', 357, 0, 'A', 0.420, '115', NULL, '1'),
(2, 119, 'CANECA BONE 320ML AMIZADE NA MODA CX:36', '10020048', 357, 0, 'A', 0.420, '119', NULL, '1'),
(2, 128, 'CANECA BONE 320ML AMIGA NAO FAZ FOFOCA CX:36', '10020049', 357, 0, 'A', 0.386, '128', NULL, '1'),
(2, 131, 'CANECA BONE 320ML SEGREDO ENTRE A GENTE CX:36', '10020050', 357, 0, 'A', 0.420, '131', NULL, '1'),
(2, 134, 'CANECA BONE 320ML MAE DESLUMBRANTE CX:36', '10020051', 357, 0, 'A', 0.420, '134', NULL, '1'),
(2, 230, 'TESTE ADD PRODUTO EMPRESA 2', '19723', 56678, 0, NULL, 0.000, '3923', '9759538878174', '1'),
(2, 338, 'PORTA LATAS EM NEOPRENE DESCE A GELADA CX:40', '10020019', 357, 0, 'A', 0.030, '338', NULL, '1'),
(2, 418, 'PORTA LATAS EM NEO PRENE MEIA GARRAFA CX:40', '10020020', 357, 0, 'A', 0.030, '418', NULL, '1'),
(2, 421, 'PORTA LATAS EM NEO PRENE DUFF CX:40', '10020021', 357, 0, 'A', 0.030, '421', NULL, '1'),
(2, 423, 'PORTA LATAS EM NEO PRENE TRABALHO EM EQUIPE CX:40', '10020022', 357, 0, 'A', 0.030, '423', NULL, '1'),
(2, 425, 'PORTA LATAS EM NEO PRENE CERVEJA GRATIS CX:40', '10020023', 357, 0, 'A', 0.030, '425', NULL, '1'),
(2, 427, 'PORTA LATAS EM NEO PRENE TOMMY CACHACA CX:40', '10020024', 357, 0, 'A', 0.030, '427', NULL, '1');

-- --------------------------------------------------------

--
-- Table structure for table `tipo_complemento`
--

CREATE TABLE `tipo_complemento` (
  `EMPRESA` int(11) NOT NULL,
  `TIPO_COMPLEMENTO` varchar(3) NOT NULL,
  `DESCRICAO_TIPO_COMPLEMENTO` varchar(30) DEFAULT NULL
) ENGINE=InnoDB DEFAULT CHARSET=utf8mb4 COLLATE=utf8mb4_general_ci;

--
-- Dumping data for table `tipo_complemento`
--

INSERT INTO `tipo_complemento` (`EMPRESA`, `TIPO_COMPLEMENTO`, `DESCRICAO_TIPO_COMPLEMENTO`) VALUES
(1, '1', 'COR'),
(1, '2', 'TAMANHO'),
(1, '3', 'ESTAMPA'),
(1, '4', 'MATERIAL'),
(2, '1', 'COR'),
(2, '22', 'TAMANHO'),
(2, '3', 'ESTAMPA'),
(2, '4', 'MATERIAL');

--
-- Indexes for dumped tables
--

--
-- Indexes for table `cidade`
--
ALTER TABLE `cidade`
  ADD PRIMARY KEY (`EMPRESA`,`CIDADE`);

--
-- Indexes for table `empresa`
--
ALTER TABLE `empresa`
  ADD PRIMARY KEY (`EMPRESA`);

--
-- Indexes for table `grupo_produto`
--
ALTER TABLE `grupo_produto`
  ADD PRIMARY KEY (`EMPRESA`,`GRUPO_PRODUTO`);

--
-- Indexes for table `produto`
--
ALTER TABLE `produto`
  ADD PRIMARY KEY (`EMPRESA`,`PRODUTO`);

--
-- Indexes for table `tipo_complemento`
--
ALTER TABLE `tipo_complemento`
  ADD PRIMARY KEY (`EMPRESA`,`TIPO_COMPLEMENTO`);
COMMIT;

/*!40101 SET CHARACTER_SET_CLIENT=@OLD_CHARACTER_SET_CLIENT */;
/*!40101 SET CHARACTER_SET_RESULTS=@OLD_CHARACTER_SET_RESULTS */;
/*!40101 SET COLLATION_CONNECTION=@OLD_COLLATION_CONNECTION */;
